sector,stocks,excess_20d,excess_60d,pct_above_50d,net_new_highs_10d,n_above_50d,n_highs_10d,n_lows_10d,date
Services,23,2.8,5.8,43.5,3.5,10.0,3.0,1.0,2026-10-01
Capital Goods,114,3.3,5.7,43.0,3.1,49.0,21.0,12.0,2026-10-01
Healthcare,63,1.6,4.3,38.1,3.0,24.0,17.0,4.0,2026-10-01
Consumer Services,38,-0.2,1.8,23.7,-3.5,9.0,1.0,8.0,2026-10-01
Chemicals,41,-0.3,1.0,24.4,-0.5,10.0,5.0,5.0,2026-10-01
Information Technology,39,-3.2,0.4,15.4,-7.8,6.0,2.0,7.0,2026-10-01
Automobile and Auto Components,46,-2.1,0.2,17.4,-2.1,8.0,4.0,6.0,2026-10-01
Oil Gas & Consumable Fuels,19,0.2,-0.4,26.3,-4.7,5.0,2.0,4.0,2026-10-01
Consumer Durables,29,-0.8,-1.2,24.1,-4.6,7.0,1.0,5.0,2026-10-01
Fast Moving Consumer Goods,39,-0.4,-1.5,15.4,-7.0,6.0,3.0,10.0,2026-10-01
Telecommunication,11,0.6,-1.9,18.2,-1.8,2.0,1.0,2.0,2026-10-01
Financial Services,114,-1.8,-3.2,14.9,-2.1,17.0,8.0,14.0,2026-10-01
Realty,13,-0.5,-3.3,15.4,2.2,2.0,1.0,0.0,2026-10-01
Metals & Mining,25,-3.4,-4.5,4.0,-0.8,1.0,0.0,2.0,2026-10-01
Power,23,0.8,-9.5,17.4,-7.8,4.0,1.0,6.0,2026-10-01
Construction Materials,10,-2.6,-10.0,0.0,-9.0,0.0,0.0,3.0,2026-10-01
Construction,22,-1.2,-10.1,18.2,-10.0,4.0,3.0,9.0,2026-10-01
